id,name,number
1,메르시.지.와이(Merci.G.Y) 일랑일랑 50,FB20-12-0894
2,과탄산소다발포정,FB19-04-0002
3,디올 로즈 캔들,FB19-26-0694
4,포우장 깔끄미 스프레이,FB19-13-0466
5,델라썸 티라이트 소이캔들(가든),DB20-26-0684
6,디펜스-씨 레인 클리너(Defense-C Lane Cleaner),DB20-02-0095
7,후버 멀티 서피스 에이에이치30250케이(Hoover multi surface AH-30250K),DB20-01-0812
8,마리디퓨저,DB20-12-1508
9,보리수마을 연꽃초,CB20-26-1065
10,노파이어 워셔(no fire washer),DA20-16-0010
11,IRON REMOVER AND WHEEL CLEANER,H-A01B-A001001-A170
12,차량용방향제 리필 - 블랙체리,H-A09B-H001005-A170
13,50F3X0E,H-A14B-R005001-A170
14,IPQ-4,H-A14B-R003003-A170
15,C13T673100,H-A14B-R002001-A170
16,액체형 세정제 케노칼,H-A01B-H00090001-A180
17,Docu Centre-IV2060/3060/3065,H-A14B-R011001-A170
18,D300T24KK,H-A14B-R00060029-A180
19,니그린 퍼포먼스 가죽 관리제,H-A05B-T00020002-A180
20,Algaefix,H-B04B-S00010001-A180
21,메르시.지.와이(Merci.G.Y) 일랑일랑 50,FB20-12-0894
22,과탄산소다발포정,FB19-04-0002
23,디올 로즈 캔들,FB19-26-0694
24,포우장 깔끄미 스프레이,FB19-13-0466
25,델라썸 티라이트 소이캔들(가든),DB20-26-0684
26,디펜스-씨 레인 클리너(Defense-C Lane Cleaner),DB20-02-0095
27,후버 멀티 서피스 에이에이치30250케이(Hoover multi surface AH-30250K),DB20-01-0812
28,마리디퓨저,DB20-12-1508
29,보리수마을 연꽃초,CB20-26-1065
30,노파이어 워셔(no fire washer),DA20-16-0010
31,IRON REMOVER AND WHEEL CLEANER,H-A01B-A001001-A170
32,차량용방향제 리필 - 블랙체리,H-A09B-H001005-A170
33,50F3X0E,H-A14B-R005001-A170
34,IPQ-4,H-A14B-R003003-A170
35,C13T673100,H-A14B-R002001-A170
36,액체형 세정제 케노칼,H-A01B-H00090001-A180
37,Docu Centre-IV2060/3060/3065,H-A14B-R011001-A170
38,D300T24KK,H-A14B-R00060029-A180
39,니그린 퍼포먼스 가죽 관리제,H-A05B-T00020002-A180
40,Algaefix,H-B04B-S00010001-A180
41,메르시.지.와이(Merci.G.Y) 일랑일랑 50,FB20-12-0894
42,과탄산소다발포정,FB19-04-0002
43,디올 로즈 캔들,FB19-26-0694
44,포우장 깔끄미 스프레이,FB19-13-0466
45,델라썸 티라이트 소이캔들(가든),DB20-26-0684
46,디펜스-씨 레인 클리너(Defense-C Lane Cleaner),DB20-02-0095
47,후버 멀티 서피스 에이에이치30250케이(Hoover multi surface AH-30250K),DB20-01-0812
48,마리디퓨저,DB20-12-1508
49,보리수마을 연꽃초,CB20-26-1065
50,노파이어 워셔(no fire washer),DA20-16-0010
51,IRON REMOVER AND WHEEL CLEANER,H-A01B-A001001-A170
52,차량용방향제 리필 - 블랙체리,H-A09B-H001005-A170
53,50F3X0E,H-A14B-R005001-A170
54,IPQ-4,H-A14B-R003003-A170
55,C13T673100,H-A14B-R002001-A170
56,액체형 세정제 케노칼,H-A01B-H00090001-A180
57,Docu Centre-IV2060/3060/3065,H-A14B-R011001-A170
58,D300T24KK,H-A14B-R00060029-A180
59,니그린 퍼포먼스 가죽 관리제,H-A05B-T00020002-A180
60,Algaefix,H-B04B-S00010001-A180
61,메르시.지.와이(Merci.G.Y) 일랑일랑 50,FB20-12-0894
62,과탄산소다발포정,FB19-04-0002
63,디올 로즈 캔들,FB19-26-0694
64,포우장 깔끄미 스프레이,FB19-13-0466
65,델라썸 티라이트 소이캔들(가든),DB20-26-0684
66,디펜스-씨 레인 클리너(Defense-C Lane Cleaner),DB20-02-0095
67,후버 멀티 서피스 에이에이치30250케이(Hoover multi surface AH-30250K),DB20-01-0812
68,마리디퓨저,DB20-12-1508
69,보리수마을 연꽃초,CB20-26-1065
70,노파이어 워셔(no fire washer),DA20-16-0010
71,IRON REMOVER AND WHEEL CLEANER,H-A01B-A001001-A170
72,차량용방향제 리필 - 블랙체리,H-A09B-H001005-A170
73,50F3X0E,H-A14B-R005001-A170
74,IPQ-4,H-A14B-R003003-A170
75,C13T673100,H-A14B-R002001-A170
76,액체형 세정제 케노칼,H-A01B-H00090001-A180
77,Docu Centre-IV2060/3060/3065,H-A14B-R011001-A170
78,D300T24KK,H-A14B-R00060029-A180
79,니그린 퍼포먼스 가죽 관리제,H-A05B-T00020002-A180
80,Algaefix,H-B04B-S00010001-A180
81,메르시.지.와이(Merci.G.Y) 일랑일랑 50,FB20-12-0894
82,과탄산소다발포정,FB19-04-0002
83,디올 로즈 캔들,FB19-26-0694
84,포우장 깔끄미 스프레이,FB19-13-0466
85,델라썸 티라이트 소이캔들(가든),DB20-26-0684
86,디펜스-씨 레인 클리너(Defense-C Lane Cleaner),DB20-02-0095
87,후버 멀티 서피스 에이에이치30250케이(Hoover multi surface AH-30250K),DB20-01-0812
88,마리디퓨저,DB20-12-1508
89,보리수마을 연꽃초,CB20-26-1065
90,노파이어 워셔(no fire washer),DA20-16-0010
91,IRON REMOVER AND WHEEL CLEANER,H-A01B-A001001-A170
92,차량용방향제 리필 - 블랙체리,H-A09B-H001005-A170
93,50F3X0E,H-A14B-R005001-A170
94,IPQ-4,H-A14B-R003003-A170
95,C13T673100,H-A14B-R002001-A170
96,액체형 세정제 케노칼,H-A01B-H00090001-A180
97,Docu Centre-IV2060/3060/3065,H-A14B-R011001-A170
98,D300T24KK,H-A14B-R00060029-A180
99,니그린 퍼포먼스 가죽 관리제,H-A05B-T00020002-A180
100,Algaefix,H-B04B-S00010001-A180
101,메르시.지.와이(Merci.G.Y) 일랑일랑 50,FB20-12-0894
102,과탄산소다발포정,FB19-04-0002
103,디올 로즈 캔들,FB19-26-0694
104,포우장 깔끄미 스프레이,FB19-13-0466
105,델라썸 티라이트 소이캔들(가든),DB20-26-0684
106,디펜스-씨 레인 클리너(Defense-C Lane Cleaner),DB20-02-0095
107,후버 멀티 서피스 에이에이치30250케이(Hoover multi surface AH-30250K),DB20-01-0812
108,마리디퓨저,DB20-12-1508
109,보리수마을 연꽃초,CB20-26-1065
110,노파이어 워셔(no fire washer),DA20-16-0010
111,IRON REMOVER AND WHEEL CLEANER,H-A01B-A001001-A170
112,차량용방향제 리필 - 블랙체리,H-A09B-H001005-A170
113,50F3X0E,H-A14B-R005001-A170
114,IPQ-4,H-A14B-R003003-A170
115,C13T673100,H-A14B-R002001-A170
116,액체형 세정제 케노칼,H-A01B-H00090001-A180
117,Docu Centre-IV2060/3060/3065,H-A14B-R011001-A170
118,D300T24KK,H-A14B-R00060029-A180
119,니그린 퍼포먼스 가죽 관리제,H-A05B-T00020002-A180
120,Algaefix,H-B04B-S00010001-A180
121,메르시.지.와이(Merci.G.Y) 일랑일랑 50,FB20-12-0894
122,과탄산소다발포정,FB19-04-0002
123,디올 로즈 캔들,FB19-26-0694
124,포우장 깔끄미 스프레이,FB19-13-0466
125,델라썸 티라이트 소이캔들(가든),DB20-26-0684
126,디펜스-씨 레인 클리너(Defense-C Lane Cleaner),DB20-02-0095
127,후버 멀티 서피스 에이에이치30250케이(Hoover multi surface AH-30250K),DB20-01-0812
128,마리디퓨저,DB20-12-1508
129,보리수마을 연꽃초,CB20-26-1065
130,노파이어 워셔(no fire washer),DA20-16-0010
131,IRON REMOVER AND WHEEL CLEANER,H-A01B-A001001-A170
132,차량용방향제 리필 - 블랙체리,H-A09B-H001005-A170
133,50F3X0E,H-A14B-R005001-A170
134,IPQ-4,H-A14B-R003003-A170
135,C13T673100,H-A14B-R002001-A170
136,액체형 세정제 케노칼,H-A01B-H00090001-A180
137,Docu Centre-IV2060/3060/3065,H-A14B-R011001-A170
138,D300T24KK,H-A14B-R00060029-A180
139,니그린 퍼포먼스 가죽 관리제,H-A05B-T00020002-A180
140,Algaefix,H-B04B-S00010001-A180
141,메르시.지.와이(Merci.G.Y) 일랑일랑 50,FB20-12-0894
142,과탄산소다발포정,FB19-04-0002
143,디올 로즈 캔들,FB19-26-0694
144,포우장 깔끄미 스프레이,FB19-13-0466
145,델라썸 티라이트 소이캔들(가든),DB20-26-0684
146,디펜스-씨 레인 클리너(Defense-C Lane Cleaner),DB20-02-0095
147,후버 멀티 서피스 에이에이치30250케이(Hoover multi surface AH-30250K),DB20-01-0812
148,마리디퓨저,DB20-12-1508
149,보리수마을 연꽃초,CB20-26-1065
150,노파이어 워셔(no fire washer),DA20-16-0010
151,IRON REMOVER AND WHEEL CLEANER,H-A01B-A001001-A170
152,차량용방향제 리필 - 블랙체리,H-A09B-H001005-A170
153,50F3X0E,H-A14B-R005001-A170
154,IPQ-4,H-A14B-R003003-A170
155,C13T673100,H-A14B-R002001-A170
156,액체형 세정제 케노칼,H-A01B-H00090001-A180
157,Docu Centre-IV2060/3060/3065,H-A14B-R011001-A170
158,D300T24KK,H-A14B-R00060029-A180
159,니그린 퍼포먼스 가죽 관리제,H-A05B-T00020002-A180
160,Algaefix,H-B04B-S00010001-A180
161,메르시.지.와이(Merci.G.Y) 일랑일랑 50,FB20-12-0894
162,과탄산소다발포정,FB19-04-0002
163,디올 로즈 캔들,FB19-26-0694
164,포우장 깔끄미 스프레이,FB19-13-0466
165,델라썸 티라이트 소이캔들(가든),DB20-26-0684
166,디펜스-씨 레인 클리너(Defense-C Lane Cleaner),DB20-02-0095
167,후버 멀티 서피스 에이에이치30250케이(Hoover multi surface AH-30250K),DB20-01-0812
168,마리디퓨저,DB20-12-1508
169,보리수마을 연꽃초,CB20-26-1065
170,노파이어 워셔(no fire washer),DA20-16-0010
171,IRON REMOVER AND WHEEL CLEANER,H-A01B-A001001-A170
172,차량용방향제 리필 - 블랙체리,H-A09B-H001005-A170
173,50F3X0E,H-A14B-R005001-A170
174,IPQ-4,H-A14B-R003003-A170
175,C13T673100,H-A14B-R002001-A170
176,액체형 세정제 케노칼,H-A01B-H00090001-A180
177,Docu Centre-IV2060/3060/3065,H-A14B-R011001-A170
178,D300T24KK,H-A14B-R00060029-A180
179,니그린 퍼포먼스 가죽 관리제,H-A05B-T00020002-A180
180,Algaefix,H-B04B-S00010001-A180
181,메르시.지.와이(Merci.G.Y) 일랑일랑 50,FB20-12-0894
182,과탄산소다발포정,FB19-04-0002
183,디올 로즈 캔들,FB19-26-0694
184,포우장 깔끄미 스프레이,FB19-13-0466
185,델라썸 티라이트 소이캔들(가든),DB20-26-0684
186,디펜스-씨 레인 클리너(Defense-C Lane Cleaner),DB20-02-0095
187,후버 멀티 서피스 에이에이치30250케이(Hoover multi surface AH-30250K),DB20-01-0812
188,마리디퓨저,DB20-12-1508
189,보리수마을 연꽃초,CB20-26-1065
190,노파이어 워셔(no fire washer),DA20-16-0010
191,IRON REMOVER AND WHEEL CLEANER,H-A01B-A001001-A170
192,차량용방향제 리필 - 블랙체리,H-A09B-H001005-A170
193,50F3X0E,H-A14B-R005001-A170
194,IPQ-4,H-A14B-R003003-A170
195,C13T673100,H-A14B-R002001-A170
196,액체형 세정제 케노칼,H-A01B-H00090001-A180
197,Docu Centre-IV2060/3060/3065,H-A14B-R011001-A170
198,D300T24KK,H-A14B-R00060029-A180
199,니그린 퍼포먼스 가죽 관리제,H-A05B-T00020002-A180
200,Algaefix,H-B04B-S00010001-A180
201,메르시.지.와이(Merci.G.Y) 일랑일랑 50,FB20-12-0894
202,과탄산소다발포정,FB19-04-0002
203,디올 로즈 캔들,FB19-26-0694
204,포우장 깔끄미 스프레이,FB19-13-0466
205,델라썸 티라이트 소이캔들(가든),DB20-26-0684
206,디펜스-씨 레인 클리너(Defense-C Lane Cleaner),DB20-02-0095
207,후버 멀티 서피스 에이에이치30250케이(Hoover multi surface AH-30250K),DB20-01-0812
208,마리디퓨저,DB20-12-1508
209,보리수마을 연꽃초,CB20-26-1065
210,노파이어 워셔(no fire washer),DA20-16-0010
211,IRON REMOVER AND WHEEL CLEANER,H-A01B-A001001-A170
212,차량용방향제 리필 - 블랙체리,H-A09B-H001005-A170
213,50F3X0E,H-A14B-R005001-A170
214,IPQ-4,H-A14B-R003003-A170
215,C13T673100,H-A14B-R002001-A170
216,액체형 세정제 케노칼,H-A01B-H00090001-A180
217,Docu Centre-IV2060/3060/3065,H-A14B-R011001-A170
218,D300T24KK,H-A14B-R00060029-A180
219,니그린 퍼포먼스 가죽 관리제,H-A05B-T00020002-A180
220,Algaefix,H-B04B-S00010001-A180
221,메르시.지.와이(Merci.G.Y) 일랑일랑 50,FB20-12-0894
222,과탄산소다발포정,FB19-04-0002
223,디올 로즈 캔들,FB19-26-0694
224,포우장 깔끄미 스프레이,FB19-13-0466
225,델라썸 티라이트 소이캔들(가든),DB20-26-0684
226,디펜스-씨 레인 클리너(Defense-C Lane Cleaner),DB20-02-0095
227,후버 멀티 서피스 에이에이치30250케이(Hoover multi surface AH-30250K),DB20-01-0812
228,마리디퓨저,DB20-12-1508
229,보리수마을 연꽃초,CB20-26-1065
230,노파이어 워셔(no fire washer),DA20-16-0010
231,IRON REMOVER AND WHEEL CLEANER,H-A01B-A001001-A170
232,차량용방향제 리필 - 블랙체리,H-A09B-H001005-A170
233,50F3X0E,H-A14B-R005001-A170
234,IPQ-4,H-A14B-R003003-A170
235,C13T673100,H-A14B-R002001-A170
236,액체형 세정제 케노칼,H-A01B-H00090001-A180
237,Docu Centre-IV2060/3060/3065,H-A14B-R011001-A170
238,D300T24KK,H-A14B-R00060029-A180
239,니그린 퍼포먼스 가죽 관리제,H-A05B-T00020002-A180
240,Algaefix,H-B04B-S00010001-A180
241,메르시.지.와이(Merci.G.Y) 일랑일랑 50,FB20-12-0894
242,과탄산소다발포정,FB19-04-0002
243,디올 로즈 캔들,FB19-26-0694
244,포우장 깔끄미 스프레이,FB19-13-0466
245,델라썸 티라이트 소이캔들(가든),DB20-26-0684
246,디펜스-씨 레인 클리너(Defense-C Lane Cleaner),DB20-02-0095
247,후버 멀티 서피스 에이에이치30250케이(Hoover multi surface AH-30250K),DB20-01-0812
248,마리디퓨저,DB20-12-1508
249,보리수마을 연꽃초,CB20-26-1065
250,노파이어 워셔(no fire washer),DA20-16-0010
251,IRON REMOVER AND WHEEL CLEANER,H-A01B-A001001-A170
252,차량용방향제 리필 - 블랙체리,H-A09B-H001005-A170
253,50F3X0E,H-A14B-R005001-A170
254,IPQ-4,H-A14B-R003003-A170
255,C13T673100,H-A14B-R002001-A170
256,액체형 세정제 케노칼,H-A01B-H00090001-A180
257,Docu Centre-IV2060/3060/3065,H-A14B-R011001-A170
258,D300T24KK,H-A14B-R00060029-A180
259,니그린 퍼포먼스 가죽 관리제,H-A05B-T00020002-A180
260,Algaefix,H-B04B-S00010001-A180
261,메르시.지.와이(Merci.G.Y) 일랑일랑 50,FB20-12-0894
262,과탄산소다발포정,FB19-04-0002
263,디올 로즈 캔들,FB19-26-0694
264,포우장 깔끄미 스프레이,FB19-13-0466
265,델라썸 티라이트 소이캔들(가든),DB20-26-0684
266,디펜스-씨 레인 클리너(Defense-C Lane Cleaner),DB20-02-0095
267,후버 멀티 서피스 에이에이치30250케이(Hoover multi surface AH-30250K),DB20-01-0812
268,마리디퓨저,DB20-12-1508
269,보리수마을 연꽃초,CB20-26-1065
270,노파이어 워셔(no fire washer),DA20-16-0010
271,IRON REMOVER AND WHEEL CLEANER,H-A01B-A001001-A170
272,차량용방향제 리필 - 블랙체리,H-A09B-H001005-A170
273,50F3X0E,H-A14B-R005001-A170
274,IPQ-4,H-A14B-R003003-A170
275,C13T673100,H-A14B-R002001-A170
276,액체형 세정제 케노칼,H-A01B-H00090001-A180
277,Docu Centre-IV2060/3060/3065,H-A14B-R011001-A170
278,D300T24KK,H-A14B-R00060029-A180
279,니그린 퍼포먼스 가죽 관리제,H-A05B-T00020002-A180
280,Algaefix,H-B04B-S00010001-A180
281,메르시.지.와이(Merci.G.Y) 일랑일랑 50,FB20-12-0894
282,과탄산소다발포정,FB19-04-0002
283,디올 로즈 캔들,FB19-26-0694
284,포우장 깔끄미 스프레이,FB19-13-0466
285,델라썸 티라이트 소이캔들(가든),DB20-26-0684
286,디펜스-씨 레인 클리너(Defense-C Lane Cleaner),DB20-02-0095
287,후버 멀티 서피스 에이에이치30250케이(Hoover multi surface AH-30250K),DB20-01-0812
288,마리디퓨저,DB20-12-1508
289,보리수마을 연꽃초,CB20-26-1065
290,노파이어 워셔(no fire washer),DA20-16-0010
291,IRON REMOVER AND WHEEL CLEANER,H-A01B-A001001-A170
292,차량용방향제 리필 - 블랙체리,H-A09B-H001005-A170
293,50F3X0E,H-A14B-R005001-A170
294,IPQ-4,H-A14B-R003003-A170
295,C13T673100,H-A14B-R002001-A170
296,액체형 세정제 케노칼,H-A01B-H00090001-A180
297,Docu Centre-IV2060/3060/3065,H-A14B-R011001-A170
298,D300T24KK,H-A14B-R00060029-A180
299,니그린 퍼포먼스 가죽 관리제,H-A05B-T00020002-A180
300,Algaefix,H-B04B-S00010001-A180
301,메르시.지.와이(Merci.G.Y) 일랑일랑 50,FB20-12-0894
302,과탄산소다발포정,FB19-04-0002
303,디올 로즈 캔들,FB19-26-0694
304,포우장 깔끄미 스프레이,FB19-13-0466
305,델라썸 티라이트 소이캔들(가든),DB20-26-0684
306,디펜스-씨 레인 클리너(Defense-C Lane Cleaner),DB20-02-0095
307,후버 멀티 서피스 에이에이치30250케이(Hoover multi surface AH-30250K),DB20-01-0812
308,마리디퓨저,DB20-12-1508
309,보리수마을 연꽃초,CB20-26-1065
310,노파이어 워셔(no fire washer),DA20-16-0010
311,IRON REMOVER AND WHEEL CLEANER,H-A01B-A001001-A170
312,차량용방향제 리필 - 블랙체리,H-A09B-H001005-A170
313,50F3X0E,H-A14B-R005001-A170
314,IPQ-4,H-A14B-R003003-A170
315,C13T673100,H-A14B-R002001-A170
316,액체형 세정제 케노칼,H-A01B-H00090001-A180
317,Docu Centre-IV2060/3060/3065,H-A14B-R011001-A170
318,D300T24KK,H-A14B-R00060029-A180
319,니그린 퍼포먼스 가죽 관리제,H-A05B-T00020002-A180
320,Algaefix,H-B04B-S00010001-A180
321,메르시.지.와이(Merci.G.Y) 일랑일랑 50,FB20-12-0894
322,과탄산소다발포정,FB19-04-0002
323,디올 로즈 캔들,FB19-26-0694
324,포우장 깔끄미 스프레이,FB19-13-0466
325,델라썸 티라이트 소이캔들(가든),DB20-26-0684
326,디펜스-씨 레인 클리너(Defense-C Lane Cleaner),DB20-02-0095
327,후버 멀티 서피스 에이에이치30250케이(Hoover multi surface AH-30250K),DB20-01-0812
328,마리디퓨저,DB20-12-1508
329,보리수마을 연꽃초,CB20-26-1065
330,노파이어 워셔(no fire washer),DA20-16-0010
331,IRON REMOVER AND WHEEL CLEANER,H-A01B-A001001-A170
332,차량용방향제 리필 - 블랙체리,H-A09B-H001005-A170
333,50F3X0E,H-A14B-R005001-A170
334,IPQ-4,H-A14B-R003003-A170
335,C13T673100,H-A14B-R002001-A170
336,액체형 세정제 케노칼,H-A01B-H00090001-A180
337,Docu Centre-IV2060/3060/3065,H-A14B-R011001-A170
338,D300T24KK,H-A14B-R00060029-A180
339,니그린 퍼포먼스 가죽 관리제,H-A05B-T00020002-A180
340,Algaefix,H-B04B-S00010001-A180
341,메르시.지.와이(Merci.G.Y) 일랑일랑 50,FB20-12-0894
342,과탄산소다발포정,FB19-04-0002
343,디올 로즈 캔들,FB19-26-0694
344,포우장 깔끄미 스프레이,FB19-13-0466
345,델라썸 티라이트 소이캔들(가든),DB20-26-0684
346,디펜스-씨 레인 클리너(Defense-C Lane Cleaner),DB20-02-0095
347,후버 멀티 서피스 에이에이치30250케이(Hoover multi surface AH-30250K),DB20-01-0812
348,마리디퓨저,DB20-12-1508
349,보리수마을 연꽃초,CB20-26-1065
350,노파이어 워셔(no fire washer),DA20-16-0010
351,IRON REMOVER AND WHEEL CLEANER,H-A01B-A001001-A170
352,차량용방향제 리필 - 블랙체리,H-A09B-H001005-A170
353,50F3X0E,H-A14B-R005001-A170
354,IPQ-4,H-A14B-R003003-A170
355,C13T673100,H-A14B-R002001-A170
356,액체형 세정제 케노칼,H-A01B-H00090001-A180
357,Docu Centre-IV2060/3060/3065,H-A14B-R011001-A170
358,D300T24KK,H-A14B-R00060029-A180
359,니그린 퍼포먼스 가죽 관리제,H-A05B-T00020002-A180
360,Algaefix,H-B04B-S00010001-A180
361,메르시.지.와이(Merci.G.Y) 일랑일랑 50,FB20-12-0894
362,과탄산소다발포정,FB19-04-0002
363,디올 로즈 캔들,FB19-26-0694
364,포우장 깔끄미 스프레이,FB19-13-0466
365,델라썸 티라이트 소이캔들(가든),DB20-26-0684
366,디펜스-씨 레인 클리너(Defense-C Lane Cleaner),DB20-02-0095
367,후버 멀티 서피스 에이에이치30250케이(Hoover multi surface AH-30250K),DB20-01-0812
368,마리디퓨저,DB20-12-1508
369,보리수마을 연꽃초,CB20-26-1065
370,노파이어 워셔(no fire washer),DA20-16-0010
371,IRON REMOVER AND WHEEL CLEANER,H-A01B-A001001-A170
372,차량용방향제 리필 - 블랙체리,H-A09B-H001005-A170
373,50F3X0E,H-A14B-R005001-A170
374,IPQ-4,H-A14B-R003003-A170
375,C13T673100,H-A14B-R002001-A170
376,액체형 세정제 케노칼,H-A01B-H00090001-A180
377,Docu Centre-IV2060/3060/3065,H-A14B-R011001-A170
378,D300T24KK,H-A14B-R00060029-A180
379,니그린 퍼포먼스 가죽 관리제,H-A05B-T00020002-A180
380,Algaefix,H-B04B-S00010001-A180
381,메르시.지.와이(Merci.G.Y) 일랑일랑 50,FB20-12-0894
382,과탄산소다발포정,FB19-04-0002
383,디올 로즈 캔들,FB19-26-0694
384,포우장 깔끄미 스프레이,FB19-13-0466
385,델라썸 티라이트 소이캔들(가든),DB20-26-0684
386,디펜스-씨 레인 클리너(Defense-C Lane Cleaner),DB20-02-0095
387,후버 멀티 서피스 에이에이치30250케이(Hoover multi surface AH-30250K),DB20-01-0812
388,마리디퓨저,DB20-12-1508
389,보리수마을 연꽃초,CB20-26-1065
390,노파이어 워셔(no fire washer),DA20-16-0010
391,IRON REMOVER AND WHEEL CLEANER,H-A01B-A001001-A170
392,차량용방향제 리필 - 블랙체리,H-A09B-H001005-A170
393,50F3X0E,H-A14B-R005001-A170
394,IPQ-4,H-A14B-R003003-A170
395,C13T673100,H-A14B-R002001-A170
396,액체형 세정제 케노칼,H-A01B-H00090001-A180
397,Docu Centre-IV2060/3060/3065,H-A14B-R011001-A170
398,D300T24KK,H-A14B-R00060029-A180
399,니그린 퍼포먼스 가죽 관리제,H-A05B-T00020002-A180
400,Algaefix,H-B04B-S00010001-A180
401,메르시.지.와이(Merci.G.Y) 일랑일랑 50,FB20-12-0894
402,과탄산소다발포정,FB19-04-0002
403,디올 로즈 캔들,FB19-26-0694
404,포우장 깔끄미 스프레이,FB19-13-0466
405,델라썸 티라이트 소이캔들(가든),DB20-26-0684
406,디펜스-씨 레인 클리너(Defense-C Lane Cleaner),DB20-02-0095
407,후버 멀티 서피스 에이에이치30250케이(Hoover multi surface AH-30250K),DB20-01-0812
408,마리디퓨저,DB20-12-1508
409,보리수마을 연꽃초,CB20-26-1065
410,노파이어 워셔(no fire washer),DA20-16-0010
411,IRON REMOVER AND WHEEL CLEANER,H-A01B-A001001-A170
412,차량용방향제 리필 - 블랙체리,H-A09B-H001005-A170
413,50F3X0E,H-A14B-R005001-A170
414,IPQ-4,H-A14B-R003003-A170
415,C13T673100,H-A14B-R002001-A170
416,액체형 세정제 케노칼,H-A01B-H00090001-A180
417,Docu Centre-IV2060/3060/3065,H-A14B-R011001-A170
418,D300T24KK,H-A14B-R00060029-A180
419,니그린 퍼포먼스 가죽 관리제,H-A05B-T00020002-A180
420,Algaefix,H-B04B-S00010001-A180
421,메르시.지.와이(Merci.G.Y) 일랑일랑 50,FB20-12-0894
422,과탄산소다발포정,FB19-04-0002
423,디올 로즈 캔들,FB19-26-0694
424,포우장 깔끄미 스프레이,FB19-13-0466
425,델라썸 티라이트 소이캔들(가든),DB20-26-0684
426,디펜스-씨 레인 클리너(Defense-C Lane Cleaner),DB20-02-0095
427,후버 멀티 서피스 에이에이치30250케이(Hoover multi surface AH-30250K),DB20-01-0812
428,마리디퓨저,DB20-12-1508
429,보리수마을 연꽃초,CB20-26-1065
430,노파이어 워셔(no fire washer),DA20-16-0010
431,IRON REMOVER AND WHEEL CLEANER,H-A01B-A001001-A170
432,차량용방향제 리필 - 블랙체리,H-A09B-H001005-A170
433,50F3X0E,H-A14B-R005001-A170
434,IPQ-4,H-A14B-R003003-A170
435,C13T673100,H-A14B-R002001-A170
436,액체형 세정제 케노칼,H-A01B-H00090001-A180
437,Docu Centre-IV2060/3060/3065,H-A14B-R011001-A170
438,D300T24KK,H-A14B-R00060029-A180
439,니그린 퍼포먼스 가죽 관리제,H-A05B-T00020002-A180
440,Algaefix,H-B04B-S00010001-A180
441,메르시.지.와이(Merci.G.Y) 일랑일랑 50,FB20-12-0894
442,과탄산소다발포정,FB19-04-0002
443,디올 로즈 캔들,FB19-26-0694
444,포우장 깔끄미 스프레이,FB19-13-0466
445,델라썸 티라이트 소이캔들(가든),DB20-26-0684
446,디펜스-씨 레인 클리너(Defense-C Lane Cleaner),DB20-02-0095
447,후버 멀티 서피스 에이에이치30250케이(Hoover multi surface AH-30250K),DB20-01-0812
448,마리디퓨저,DB20-12-1508
449,보리수마을 연꽃초,CB20-26-1065
450,노파이어 워셔(no fire washer),DA20-16-0010
451,IRON REMOVER AND WHEEL CLEANER,H-A01B-A001001-A170
452,차량용방향제 리필 - 블랙체리,H-A09B-H001005-A170
453,50F3X0E,H-A14B-R005001-A170
454,IPQ-4,H-A14B-R003003-A170
455,C13T673100,H-A14B-R002001-A170
456,액체형 세정제 케노칼,H-A01B-H00090001-A180
457,Docu Centre-IV2060/3060/3065,H-A14B-R011001-A170
458,D300T24KK,H-A14B-R00060029-A180
459,니그린 퍼포먼스 가죽 관리제,H-A05B-T00020002-A180
460,Algaefix,H-B04B-S00010001-A180
461,메르시.지.와이(Merci.G.Y) 일랑일랑 50,FB20-12-0894
462,과탄산소다발포정,FB19-04-0002
463,디올 로즈 캔들,FB19-26-0694
464,포우장 깔끄미 스프레이,FB19-13-0466
465,델라썸 티라이트 소이캔들(가든),DB20-26-0684
466,디펜스-씨 레인 클리너(Defense-C Lane Cleaner),DB20-02-0095
467,후버 멀티 서피스 에이에이치30250케이(Hoover multi surface AH-30250K),DB20-01-0812
468,마리디퓨저,DB20-12-1508
469,보리수마을 연꽃초,CB20-26-1065
470,노파이어 워셔(no fire washer),DA20-16-0010
471,IRON REMOVER AND WHEEL CLEANER,H-A01B-A001001-A170
472,차량용방향제 리필 - 블랙체리,H-A09B-H001005-A170
473,50F3X0E,H-A14B-R005001-A170
474,IPQ-4,H-A14B-R003003-A170
475,C13T673100,H-A14B-R002001-A170
476,액체형 세정제 케노칼,H-A01B-H00090001-A180
477,Docu Centre-IV2060/3060/3065,H-A14B-R011001-A170
478,D300T24KK,H-A14B-R00060029-A180
479,니그린 퍼포먼스 가죽 관리제,H-A05B-T00020002-A180
480,Algaefix,H-B04B-S00010001-A180
481,메르시.지.와이(Merci.G.Y) 일랑일랑 50,FB20-12-0894
482,과탄산소다발포정,FB19-04-0002
483,디올 로즈 캔들,FB19-26-0694
484,포우장 깔끄미 스프레이,FB19-13-0466
485,델라썸 티라이트 소이캔들(가든),DB20-26-0684
486,디펜스-씨 레인 클리너(Defense-C Lane Cleaner),DB20-02-0095
487,후버 멀티 서피스 에이에이치30250케이(Hoover multi surface AH-30250K),DB20-01-0812
488,마리디퓨저,DB20-12-1508
489,보리수마을 연꽃초,CB20-26-1065
490,노파이어 워셔(no fire washer),DA20-16-0010
491,IRON REMOVER AND WHEEL CLEANER,H-A01B-A001001-A170
492,차량용방향제 리필 - 블랙체리,H-A09B-H001005-A170
493,50F3X0E,H-A14B-R005001-A170
494,IPQ-4,H-A14B-R003003-A170
495,C13T673100,H-A14B-R002001-A170
496,액체형 세정제 케노칼,H-A01B-H00090001-A180
497,Docu Centre-IV2060/3060/3065,H-A14B-R011001-A170
498,D300T24KK,H-A14B-R00060029-A180
499,니그린 퍼포먼스 가죽 관리제,H-A05B-T00020002-A180
500,Algaefix,H-B04B-S00010001-A180
501,메르시.지.와이(Merci.G.Y) 일랑일랑 50,FB20-12-0894
502,과탄산소다발포정,FB19-04-0002
503,디올 로즈 캔들,FB19-26-0694
504,포우장 깔끄미 스프레이,FB19-13-0466
505,델라썸 티라이트 소이캔들(가든),DB20-26-0684
506,디펜스-씨 레인 클리너(Defense-C Lane Cleaner),DB20-02-0095
507,후버 멀티 서피스 에이에이치30250케이(Hoover multi surface AH-30250K),DB20-01-0812
508,마리디퓨저,DB20-12-1508
509,보리수마을 연꽃초,CB20-26-1065
510,노파이어 워셔(no fire washer),DA20-16-0010
511,IRON REMOVER AND WHEEL CLEANER,H-A01B-A001001-A170
512,차량용방향제 리필 - 블랙체리,H-A09B-H001005-A170
513,50F3X0E,H-A14B-R005001-A170
514,IPQ-4,H-A14B-R003003-A170
515,C13T673100,H-A14B-R002001-A170
516,액체형 세정제 케노칼,H-A01B-H00090001-A180
517,Docu Centre-IV2060/3060/3065,H-A14B-R011001-A170
518,D300T24KK,H-A14B-R00060029-A180
519,니그린 퍼포먼스 가죽 관리제,H-A05B-T00020002-A180
520,Algaefix,H-B04B-S00010001-A180
521,메르시.지.와이(Merci.G.Y) 일랑일랑 50,FB20-12-0894
522,과탄산소다발포정,FB19-04-0002
523,디올 로즈 캔들,FB19-26-0694
524,포우장 깔끄미 스프레이,FB19-13-0466
525,델라썸 티라이트 소이캔들(가든),DB20-26-0684
526,디펜스-씨 레인 클리너(Defense-C Lane Cleaner),DB20-02-0095
527,후버 멀티 서피스 에이에이치30250케이(Hoover multi surface AH-30250K),DB20-01-0812
528,마리디퓨저,DB20-12-1508
529,보리수마을 연꽃초,CB20-26-1065
530,노파이어 워셔(no fire washer),DA20-16-0010
531,IRON REMOVER AND WHEEL CLEANER,H-A01B-A001001-A170
532,차량용방향제 리필 - 블랙체리,H-A09B-H001005-A170
533,50F3X0E,H-A14B-R005001-A170
534,IPQ-4,H-A14B-R003003-A170
535,C13T673100,H-A14B-R002001-A170
536,액체형 세정제 케노칼,H-A01B-H00090001-A180
537,Docu Centre-IV2060/3060/3065,H-A14B-R011001-A170
538,D300T24KK,H-A14B-R00060029-A180
539,니그린 퍼포먼스 가죽 관리제,H-A05B-T00020002-A180
540,Algaefix,H-B04B-S00010001-A180
541,메르시.지.와이(Merci.G.Y) 일랑일랑 50,FB20-12-0894
542,과탄산소다발포정,FB19-04-0002
543,디올 로즈 캔들,FB19-26-0694
544,포우장 깔끄미 스프레이,FB19-13-0466
545,델라썸 티라이트 소이캔들(가든),DB20-26-0684
546,디펜스-씨 레인 클리너(Defense-C Lane Cleaner),DB20-02-0095
547,후버 멀티 서피스 에이에이치30250케이(Hoover multi surface AH-30250K),DB20-01-0812
548,마리디퓨저,DB20-12-1508
549,보리수마을 연꽃초,CB20-26-1065
550,노파이어 워셔(no fire washer),DA20-16-0010
551,IRON REMOVER AND WHEEL CLEANER,H-A01B-A001001-A170
552,차량용방향제 리필 - 블랙체리,H-A09B-H001005-A170
553,50F3X0E,H-A14B-R005001-A170
554,IPQ-4,H-A14B-R003003-A170
555,C13T673100,H-A14B-R002001-A170
556,액체형 세정제 케노칼,H-A01B-H00090001-A180
557,Docu Centre-IV2060/3060/3065,H-A14B-R011001-A170
558,D300T24KK,H-A14B-R00060029-A180
559,니그린 퍼포먼스 가죽 관리제,H-A05B-T00020002-A180
560,Algaefix,H-B04B-S00010001-A180
561,메르시.지.와이(Merci.G.Y) 일랑일랑 50,FB20-12-0894
562,과탄산소다발포정,FB19-04-0002
563,디올 로즈 캔들,FB19-26-0694
564,포우장 깔끄미 스프레이,FB19-13-0466
565,델라썸 티라이트 소이캔들(가든),DB20-26-0684
566,디펜스-씨 레인 클리너(Defense-C Lane Cleaner),DB20-02-0095
567,후버 멀티 서피스 에이에이치30250케이(Hoover multi surface AH-30250K),DB20-01-0812
568,마리디퓨저,DB20-12-1508
569,보리수마을 연꽃초,CB20-26-1065
570,노파이어 워셔(no fire washer),DA20-16-0010
571,IRON REMOVER AND WHEEL CLEANER,H-A01B-A001001-A170
572,차량용방향제 리필 - 블랙체리,H-A09B-H001005-A170
573,50F3X0E,H-A14B-R005001-A170
574,IPQ-4,H-A14B-R003003-A170
575,C13T673100,H-A14B-R002001-A170
576,액체형 세정제 케노칼,H-A01B-H00090001-A180
577,Docu Centre-IV2060/3060/3065,H-A14B-R011001-A170
578,D300T24KK,H-A14B-R00060029-A180
579,니그린 퍼포먼스 가죽 관리제,H-A05B-T00020002-A180
580,Algaefix,H-B04B-S00010001-A180
581,메르시.지.와이(Merci.G.Y) 일랑일랑 50,FB20-12-0894
582,과탄산소다발포정,FB19-04-0002
583,디올 로즈 캔들,FB19-26-0694
584,포우장 깔끄미 스프레이,FB19-13-0466
585,델라썸 티라이트 소이캔들(가든),DB20-26-0684
586,디펜스-씨 레인 클리너(Defense-C Lane Cleaner),DB20-02-0095
587,후버 멀티 서피스 에이에이치30250케이(Hoover multi surface AH-30250K),DB20-01-0812
588,마리디퓨저,DB20-12-1508
589,보리수마을 연꽃초,CB20-26-1065
590,노파이어 워셔(no fire washer),DA20-16-0010
591,IRON REMOVER AND WHEEL CLEANER,H-A01B-A001001-A170
592,차량용방향제 리필 - 블랙체리,H-A09B-H001005-A170
593,50F3X0E,H-A14B-R005001-A170
594,IPQ-4,H-A14B-R003003-A170
595,C13T673100,H-A14B-R002001-A170
596,액체형 세정제 케노칼,H-A01B-H00090001-A180
597,Docu Centre-IV2060/3060/3065,H-A14B-R011001-A170
598,D300T24KK,H-A14B-R00060029-A180
599,니그린 퍼포먼스 가죽 관리제,H-A05B-T00020002-A180
600,Algaefix,H-B04B-S00010001-A180
601,메르시.지.와이(Merci.G.Y) 일랑일랑 50,FB20-12-0894
602,과탄산소다발포정,FB19-04-0002
603,디올 로즈 캔들,FB19-26-0694
604,포우장 깔끄미 스프레이,FB19-13-0466
605,델라썸 티라이트 소이캔들(가든),DB20-26-0684
606,디펜스-씨 레인 클리너(Defense-C Lane Cleaner),DB20-02-0095
607,후버 멀티 서피스 에이에이치30250케이(Hoover multi surface AH-30250K),DB20-01-0812
608,마리디퓨저,DB20-12-1508
609,보리수마을 연꽃초,CB20-26-1065
610,노파이어 워셔(no fire washer),DA20-16-0010
611,IRON REMOVER AND WHEEL CLEANER,H-A01B-A001001-A170
612,차량용방향제 리필 - 블랙체리,H-A09B-H001005-A170
613,50F3X0E,H-A14B-R005001-A170
614,IPQ-4,H-A14B-R003003-A170
615,C13T673100,H-A14B-R002001-A170
616,액체형 세정제 케노칼,H-A01B-H00090001-A180
617,Docu Centre-IV2060/3060/3065,H-A14B-R011001-A170
618,D300T24KK,H-A14B-R00060029-A180
619,니그린 퍼포먼스 가죽 관리제,H-A05B-T00020002-A180
620,Algaefix,H-B04B-S00010001-A180
621,메르시.지.와이(Merci.G.Y) 일랑일랑 50,FB20-12-0894
622,과탄산소다발포정,FB19-04-0002
623,디올 로즈 캔들,FB19-26-0694
624,포우장 깔끄미 스프레이,FB19-13-0466
625,델라썸 티라이트 소이캔들(가든),DB20-26-0684
626,디펜스-씨 레인 클리너(Defense-C Lane Cleaner),DB20-02-0095
627,후버 멀티 서피스 에이에이치30250케이(Hoover multi surface AH-30250K),DB20-01-0812
628,마리디퓨저,DB20-12-1508
629,보리수마을 연꽃초,CB20-26-1065
630,노파이어 워셔(no fire washer),DA20-16-0010
631,IRON REMOVER AND WHEEL CLEANER,H-A01B-A001001-A170
632,차량용방향제 리필 - 블랙체리,H-A09B-H001005-A170
633,50F3X0E,H-A14B-R005001-A170
634,IPQ-4,H-A14B-R003003-A170
635,C13T673100,H-A14B-R002001-A170
636,액체형 세정제 케노칼,H-A01B-H00090001-A180
637,Docu Centre-IV2060/3060/3065,H-A14B-R011001-A170
638,D300T24KK,H-A14B-R00060029-A180
639,니그린 퍼포먼스 가죽 관리제,H-A05B-T00020002-A180
640,Algaefix,H-B04B-S00010001-A180
641,메르시.지.와이(Merci.G.Y) 일랑일랑 50,FB20-12-0894
642,과탄산소다발포정,FB19-04-0002
643,디올 로즈 캔들,FB19-26-0694
644,포우장 깔끄미 스프레이,FB19-13-0466
645,델라썸 티라이트 소이캔들(가든),DB20-26-0684
646,디펜스-씨 레인 클리너(Defense-C Lane Cleaner),DB20-02-0095
647,후버 멀티 서피스 에이에이치30250케이(Hoover multi surface AH-30250K),DB20-01-0812
648,마리디퓨저,DB20-12-1508
649,보리수마을 연꽃초,CB20-26-1065
650,노파이어 워셔(no fire washer),DA20-16-0010
651,IRON REMOVER AND WHEEL CLEANER,H-A01B-A001001-A170
652,차량용방향제 리필 - 블랙체리,H-A09B-H001005-A170
653,50F3X0E,H-A14B-R005001-A170
654,IPQ-4,H-A14B-R003003-A170
655,C13T673100,H-A14B-R002001-A170
656,액체형 세정제 케노칼,H-A01B-H00090001-A180
657,Docu Centre-IV2060/3060/3065,H-A14B-R011001-A170
658,D300T24KK,H-A14B-R00060029-A180
659,니그린 퍼포먼스 가죽 관리제,H-A05B-T00020002-A180
660,Algaefix,H-B04B-S00010001-A180
661,메르시.지.와이(Merci.G.Y) 일랑일랑 50,FB20-12-0894
662,과탄산소다발포정,FB19-04-0002
663,디올 로즈 캔들,FB19-26-0694
664,포우장 깔끄미 스프레이,FB19-13-0466
665,델라썸 티라이트 소이캔들(가든),DB20-26-0684
666,디펜스-씨 레인 클리너(Defense-C Lane Cleaner),DB20-02-0095
667,후버 멀티 서피스 에이에이치30250케이(Hoover multi surface AH-30250K),DB20-01-0812
668,마리디퓨저,DB20-12-1508
669,보리수마을 연꽃초,CB20-26-1065
670,노파이어 워셔(no fire washer),DA20-16-0010
671,IRON REMOVER AND WHEEL CLEANER,H-A01B-A001001-A170
672,차량용방향제 리필 - 블랙체리,H-A09B-H001005-A170
673,50F3X0E,H-A14B-R005001-A170
674,IPQ-4,H-A14B-R003003-A170
675,C13T673100,H-A14B-R002001-A170
676,액체형 세정제 케노칼,H-A01B-H00090001-A180
677,Docu Centre-IV2060/3060/3065,H-A14B-R011001-A170
678,D300T24KK,H-A14B-R00060029-A180
679,니그린 퍼포먼스 가죽 관리제,H-A05B-T00020002-A180
680,Algaefix,H-B04B-S00010001-A180
681,메르시.지.와이(Merci.G.Y) 일랑일랑 50,FB20-12-0894
682,과탄산소다발포정,FB19-04-0002
683,디올 로즈 캔들,FB19-26-0694
684,포우장 깔끄미 스프레이,FB19-13-0466
685,델라썸 티라이트 소이캔들(가든),DB20-26-0684
686,디펜스-씨 레인 클리너(Defense-C Lane Cleaner),DB20-02-0095
687,후버 멀티 서피스 에이에이치30250케이(Hoover multi surface AH-30250K),DB20-01-0812
688,마리디퓨저,DB20-12-1508
689,보리수마을 연꽃초,CB20-26-1065
690,노파이어 워셔(no fire washer),DA20-16-0010
691,IRON REMOVER AND WHEEL CLEANER,H-A01B-A001001-A170
692,차량용방향제 리필 - 블랙체리,H-A09B-H001005-A170
693,50F3X0E,H-A14B-R005001-A170
694,IPQ-4,H-A14B-R003003-A170
695,C13T673100,H-A14B-R002001-A170
696,액체형 세정제 케노칼,H-A01B-H00090001-A180
697,Docu Centre-IV2060/3060/3065,H-A14B-R011001-A170
698,D300T24KK,H-A14B-R00060029-A180
699,니그린 퍼포먼스 가죽 관리제,H-A05B-T00020002-A180
700,Algaefix,H-B04B-S00010001-A180
701,메르시.지.와이(Merci.G.Y) 일랑일랑 50,FB20-12-0894
702,과탄산소다발포정,FB19-04-0002
703,디올 로즈 캔들,FB19-26-0694
704,포우장 깔끄미 스프레이,FB19-13-0466
705,델라썸 티라이트 소이캔들(가든),DB20-26-0684
706,디펜스-씨 레인 클리너(Defense-C Lane Cleaner),DB20-02-0095
707,후버 멀티 서피스 에이에이치30250케이(Hoover multi surface AH-30250K),DB20-01-0812
708,마리디퓨저,DB20-12-1508
709,보리수마을 연꽃초,CB20-26-1065
710,노파이어 워셔(no fire washer),DA20-16-0010
711,IRON REMOVER AND WHEEL CLEANER,H-A01B-A001001-A170
712,차량용방향제 리필 - 블랙체리,H-A09B-H001005-A170
713,50F3X0E,H-A14B-R005001-A170
714,IPQ-4,H-A14B-R003003-A170
715,C13T673100,H-A14B-R002001-A170
716,액체형 세정제 케노칼,H-A01B-H00090001-A180
717,Docu Centre-IV2060/3060/3065,H-A14B-R011001-A170
718,D300T24KK,H-A14B-R00060029-A180
719,니그린 퍼포먼스 가죽 관리제,H-A05B-T00020002-A180
720,Algaefix,H-B04B-S00010001-A180
721,메르시.지.와이(Merci.G.Y) 일랑일랑 50,FB20-12-0894
722,과탄산소다발포정,FB19-04-0002
723,디올 로즈 캔들,FB19-26-0694
724,포우장 깔끄미 스프레이,FB19-13-0466
725,델라썸 티라이트 소이캔들(가든),DB20-26-0684
726,디펜스-씨 레인 클리너(Defense-C Lane Cleaner),DB20-02-0095
727,후버 멀티 서피스 에이에이치30250케이(Hoover multi surface AH-30250K),DB20-01-0812
728,마리디퓨저,DB20-12-1508
729,보리수마을 연꽃초,CB20-26-1065
730,노파이어 워셔(no fire washer),DA20-16-0010
731,IRON REMOVER AND WHEEL CLEANER,H-A01B-A001001-A170
732,차량용방향제 리필 - 블랙체리,H-A09B-H001005-A170
733,50F3X0E,H-A14B-R005001-A170
734,IPQ-4,H-A14B-R003003-A170
735,C13T673100,H-A14B-R002001-A170
736,액체형 세정제 케노칼,H-A01B-H00090001-A180
737,Docu Centre-IV2060/3060/3065,H-A14B-R011001-A170
738,D300T24KK,H-A14B-R00060029-A180
739,니그린 퍼포먼스 가죽 관리제,H-A05B-T00020002-A180
740,Algaefix,H-B04B-S00010001-A180
741,메르시.지.와이(Merci.G.Y) 일랑일랑 50,FB20-12-0894
742,과탄산소다발포정,FB19-04-0002
743,디올 로즈 캔들,FB19-26-0694
744,포우장 깔끄미 스프레이,FB19-13-0466
745,델라썸 티라이트 소이캔들(가든),DB20-26-0684
746,디펜스-씨 레인 클리너(Defense-C Lane Cleaner),DB20-02-0095
747,후버 멀티 서피스 에이에이치30250케이(Hoover multi surface AH-30250K),DB20-01-0812
748,마리디퓨저,DB20-12-1508
749,보리수마을 연꽃초,CB20-26-1065
750,노파이어 워셔(no fire washer),DA20-16-0010
751,IRON REMOVER AND WHEEL CLEANER,H-A01B-A001001-A170
752,차량용방향제 리필 - 블랙체리,H-A09B-H001005-A170
753,50F3X0E,H-A14B-R005001-A170
754,IPQ-4,H-A14B-R003003-A170
755,C13T673100,H-A14B-R002001-A170
756,액체형 세정제 케노칼,H-A01B-H00090001-A180
757,Docu Centre-IV2060/3060/3065,H-A14B-R011001-A170
758,D300T24KK,H-A14B-R00060029-A180
759,니그린 퍼포먼스 가죽 관리제,H-A05B-T00020002-A180
760,Algaefix,H-B04B-S00010001-A180
761,메르시.지.와이(Merci.G.Y) 일랑일랑 50,FB20-12-0894
762,과탄산소다발포정,FB19-04-0002
763,디올 로즈 캔들,FB19-26-0694
764,포우장 깔끄미 스프레이,FB19-13-0466
765,델라썸 티라이트 소이캔들(가든),DB20-26-0684
766,디펜스-씨 레인 클리너(Defense-C Lane Cleaner),DB20-02-0095
767,후버 멀티 서피스 에이에이치30250케이(Hoover multi surface AH-30250K),DB20-01-0812
768,마리디퓨저,DB20-12-1508
769,보리수마을 연꽃초,CB20-26-1065
770,노파이어 워셔(no fire washer),DA20-16-0010
771,IRON REMOVER AND WHEEL CLEANER,H-A01B-A001001-A170
772,차량용방향제 리필 - 블랙체리,H-A09B-H001005-A170
773,50F3X0E,H-A14B-R005001-A170
774,IPQ-4,H-A14B-R003003-A170
775,C13T673100,H-A14B-R002001-A170
776,액체형 세정제 케노칼,H-A01B-H00090001-A180
777,Docu Centre-IV2060/3060/3065,H-A14B-R011001-A170
778,D300T24KK,H-A14B-R00060029-A180
779,니그린 퍼포먼스 가죽 관리제,H-A05B-T00020002-A180
780,Algaefix,H-B04B-S00010001-A180
781,메르시.지.와이(Merci.G.Y) 일랑일랑 50,FB20-12-0894
782,과탄산소다발포정,FB19-04-0002
783,디올 로즈 캔들,FB19-26-0694
784,포우장 깔끄미 스프레이,FB19-13-0466
785,델라썸 티라이트 소이캔들(가든),DB20-26-0684
786,디펜스-씨 레인 클리너(Defense-C Lane Cleaner),DB20-02-0095
787,후버 멀티 서피스 에이에이치30250케이(Hoover multi surface AH-30250K),DB20-01-0812
788,마리디퓨저,DB20-12-1508
789,보리수마을 연꽃초,CB20-26-1065
790,노파이어 워셔(no fire washer),DA20-16-0010
791,IRON REMOVER AND WHEEL CLEANER,H-A01B-A001001-A170
792,차량용방향제 리필 - 블랙체리,H-A09B-H001005-A170
793,50F3X0E,H-A14B-R005001-A170
794,IPQ-4,H-A14B-R003003-A170
795,C13T673100,H-A14B-R002001-A170
796,액체형 세정제 케노칼,H-A01B-H00090001-A180
797,Docu Centre-IV2060/3060/3065,H-A14B-R011001-A170
798,D300T24KK,H-A14B-R00060029-A180
799,니그린 퍼포먼스 가죽 관리제,H-A05B-T00020002-A180
800,Algaefix,H-B04B-S00010001-A180
801,메르시.지.와이(Merci.G.Y) 일랑일랑 50,FB20-12-0894
802,과탄산소다발포정,FB19-04-0002
803,디올 로즈 캔들,FB19-26-0694
804,포우장 깔끄미 스프레이,FB19-13-0466
805,델라썸 티라이트 소이캔들(가든),DB20-26-0684
806,디펜스-씨 레인 클리너(Defense-C Lane Cleaner),DB20-02-0095
807,후버 멀티 서피스 에이에이치30250케이(Hoover multi surface AH-30250K),DB20-01-0812
808,마리디퓨저,DB20-12-1508
809,보리수마을 연꽃초,CB20-26-1065
810,노파이어 워셔(no fire washer),DA20-16-0010
811,IRON REMOVER AND WHEEL CLEANER,H-A01B-A001001-A170
812,차량용방향제 리필 - 블랙체리,H-A09B-H001005-A170
813,50F3X0E,H-A14B-R005001-A170
814,IPQ-4,H-A14B-R003003-A170
815,C13T673100,H-A14B-R002001-A170
816,액체형 세정제 케노칼,H-A01B-H00090001-A180
817,Docu Centre-IV2060/3060/3065,H-A14B-R011001-A170
818,D300T24KK,H-A14B-R00060029-A180
819,니그린 퍼포먼스 가죽 관리제,H-A05B-T00020002-A180
820,Algaefix,H-B04B-S00010001-A180
821,메르시.지.와이(Merci.G.Y) 일랑일랑 50,FB20-12-0894
822,과탄산소다발포정,FB19-04-0002
823,디올 로즈 캔들,FB19-26-0694
824,포우장 깔끄미 스프레이,FB19-13-0466
825,델라썸 티라이트 소이캔들(가든),DB20-26-0684
826,디펜스-씨 레인 클리너(Defense-C Lane Cleaner),DB20-02-0095
827,후버 멀티 서피스 에이에이치30250케이(Hoover multi surface AH-30250K),DB20-01-0812
828,마리디퓨저,DB20-12-1508
829,보리수마을 연꽃초,CB20-26-1065
830,노파이어 워셔(no fire washer),DA20-16-0010
831,IRON REMOVER AND WHEEL CLEANER,H-A01B-A001001-A170
832,차량용방향제 리필 - 블랙체리,H-A09B-H001005-A170
833,50F3X0E,H-A14B-R005001-A170
834,IPQ-4,H-A14B-R003003-A170
835,C13T673100,H-A14B-R002001-A170
836,액체형 세정제 케노칼,H-A01B-H00090001-A180
837,Docu Centre-IV2060/3060/3065,H-A14B-R011001-A170
838,D300T24KK,H-A14B-R00060029-A180
839,니그린 퍼포먼스 가죽 관리제,H-A05B-T00020002-A180
840,Algaefix,H-B04B-S00010001-A180
841,메르시.지.와이(Merci.G.Y) 일랑일랑 50,FB20-12-0894
842,과탄산소다발포정,FB19-04-0002
843,디올 로즈 캔들,FB19-26-0694
844,포우장 깔끄미 스프레이,FB19-13-0466
845,델라썸 티라이트 소이캔들(가든),DB20-26-0684
846,디펜스-씨 레인 클리너(Defense-C Lane Cleaner),DB20-02-0095
847,후버 멀티 서피스 에이에이치30250케이(Hoover multi surface AH-30250K),DB20-01-0812
848,마리디퓨저,DB20-12-1508
849,보리수마을 연꽃초,CB20-26-1065
850,노파이어 워셔(no fire washer),DA20-16-0010
851,IRON REMOVER AND WHEEL CLEANER,H-A01B-A001001-A170
852,차량용방향제 리필 - 블랙체리,H-A09B-H001005-A170
853,50F3X0E,H-A14B-R005001-A170
854,IPQ-4,H-A14B-R003003-A170
855,C13T673100,H-A14B-R002001-A170
856,액체형 세정제 케노칼,H-A01B-H00090001-A180
857,Docu Centre-IV2060/3060/3065,H-A14B-R011001-A170
858,D300T24KK,H-A14B-R00060029-A180
859,니그린 퍼포먼스 가죽 관리제,H-A05B-T00020002-A180
860,Algaefix,H-B04B-S00010001-A180
861,메르시.지.와이(Merci.G.Y) 일랑일랑 50,FB20-12-0894
862,과탄산소다발포정,FB19-04-0002
863,디올 로즈 캔들,FB19-26-0694
864,포우장 깔끄미 스프레이,FB19-13-0466
865,델라썸 티라이트 소이캔들(가든),DB20-26-0684
866,디펜스-씨 레인 클리너(Defense-C Lane Cleaner),DB20-02-0095
867,후버 멀티 서피스 에이에이치30250케이(Hoover multi surface AH-30250K),DB20-01-0812
868,마리디퓨저,DB20-12-1508
869,보리수마을 연꽃초,CB20-26-1065
870,노파이어 워셔(no fire washer),DA20-16-0010
871,IRON REMOVER AND WHEEL CLEANER,H-A01B-A001001-A170
872,차량용방향제 리필 - 블랙체리,H-A09B-H001005-A170
873,50F3X0E,H-A14B-R005001-A170
874,IPQ-4,H-A14B-R003003-A170
875,C13T673100,H-A14B-R002001-A170
876,액체형 세정제 케노칼,H-A01B-H00090001-A180
877,Docu Centre-IV2060/3060/3065,H-A14B-R011001-A170
878,D300T24KK,H-A14B-R00060029-A180
879,니그린 퍼포먼스 가죽 관리제,H-A05B-T00020002-A180
880,Algaefix,H-B04B-S00010001-A180
881,메르시.지.와이(Merci.G.Y) 일랑일랑 50,FB20-12-0894
882,과탄산소다발포정,FB19-04-0002
883,디올 로즈 캔들,FB19-26-0694
884,포우장 깔끄미 스프레이,FB19-13-0466
885,델라썸 티라이트 소이캔들(가든),DB20-26-0684
886,디펜스-씨 레인 클리너(Defense-C Lane Cleaner),DB20-02-0095
887,후버 멀티 서피스 에이에이치30250케이(Hoover multi surface AH-30250K),DB20-01-0812
888,마리디퓨저,DB20-12-1508
889,보리수마을 연꽃초,CB20-26-1065
890,노파이어 워셔(no fire washer),DA20-16-0010
891,IRON REMOVER AND WHEEL CLEANER,H-A01B-A001001-A170
892,차량용방향제 리필 - 블랙체리,H-A09B-H001005-A170
893,50F3X0E,H-A14B-R005001-A170
894,IPQ-4,H-A14B-R003003-A170
895,C13T673100,H-A14B-R002001-A170
896,액체형 세정제 케노칼,H-A01B-H00090001-A180
897,Docu Centre-IV2060/3060/3065,H-A14B-R011001-A170
898,D300T24KK,H-A14B-R00060029-A180
899,니그린 퍼포먼스 가죽 관리제,H-A05B-T00020002-A180
900,Algaefix,H-B04B-S00010001-A180
901,메르시.지.와이(Merci.G.Y) 일랑일랑 50,FB20-12-0894
902,과탄산소다발포정,FB19-04-0002
903,디올 로즈 캔들,FB19-26-0694
904,포우장 깔끄미 스프레이,FB19-13-0466
905,델라썸 티라이트 소이캔들(가든),DB20-26-0684
906,디펜스-씨 레인 클리너(Defense-C Lane Cleaner),DB20-02-0095
907,후버 멀티 서피스 에이에이치30250케이(Hoover multi surface AH-30250K),DB20-01-0812
908,마리디퓨저,DB20-12-1508
909,보리수마을 연꽃초,CB20-26-1065
910,노파이어 워셔(no fire washer),DA20-16-0010
911,IRON REMOVER AND WHEEL CLEANER,H-A01B-A001001-A170
912,차량용방향제 리필 - 블랙체리,H-A09B-H001005-A170
913,50F3X0E,H-A14B-R005001-A170
914,IPQ-4,H-A14B-R003003-A170
915,C13T673100,H-A14B-R002001-A170
916,액체형 세정제 케노칼,H-A01B-H00090001-A180
917,Docu Centre-IV2060/3060/3065,H-A14B-R011001-A170
918,D300T24KK,H-A14B-R00060029-A180
919,니그린 퍼포먼스 가죽 관리제,H-A05B-T00020002-A180
920,Algaefix,H-B04B-S00010001-A180
921,메르시.지.와이(Merci.G.Y) 일랑일랑 50,FB20-12-0894
922,과탄산소다발포정,FB19-04-0002
923,디올 로즈 캔들,FB19-26-0694
924,포우장 깔끄미 스프레이,FB19-13-0466
925,델라썸 티라이트 소이캔들(가든),DB20-26-0684
926,디펜스-씨 레인 클리너(Defense-C Lane Cleaner),DB20-02-0095
927,후버 멀티 서피스 에이에이치30250케이(Hoover multi surface AH-30250K),DB20-01-0812
928,마리디퓨저,DB20-12-1508
929,보리수마을 연꽃초,CB20-26-1065
930,노파이어 워셔(no fire washer),DA20-16-0010
931,IRON REMOVER AND WHEEL CLEANER,H-A01B-A001001-A170
932,차량용방향제 리필 - 블랙체리,H-A09B-H001005-A170
933,50F3X0E,H-A14B-R005001-A170
934,IPQ-4,H-A14B-R003003-A170
935,C13T673100,H-A14B-R002001-A170
936,액체형 세정제 케노칼,H-A01B-H00090001-A180
937,Docu Centre-IV2060/3060/3065,H-A14B-R011001-A170
938,D300T24KK,H-A14B-R00060029-A180
939,니그린 퍼포먼스 가죽 관리제,H-A05B-T00020002-A180
940,Algaefix,H-B04B-S00010001-A180
941,메르시.지.와이(Merci.G.Y) 일랑일랑 50,FB20-12-0894
942,과탄산소다발포정,FB19-04-0002
943,디올 로즈 캔들,FB19-26-0694
944,포우장 깔끄미 스프레이,FB19-13-0466
945,델라썸 티라이트 소이캔들(가든),DB20-26-0684
946,디펜스-씨 레인 클리너(Defense-C Lane Cleaner),DB20-02-0095
947,후버 멀티 서피스 에이에이치30250케이(Hoover multi surface AH-30250K),DB20-01-0812
948,마리디퓨저,DB20-12-1508
949,보리수마을 연꽃초,CB20-26-1065
950,노파이어 워셔(no fire washer),DA20-16-0010
951,IRON REMOVER AND WHEEL CLEANER,H-A01B-A001001-A170
952,차량용방향제 리필 - 블랙체리,H-A09B-H001005-A170
953,50F3X0E,H-A14B-R005001-A170
954,IPQ-4,H-A14B-R003003-A170
955,C13T673100,H-A14B-R002001-A170
956,액체형 세정제 케노칼,H-A01B-H00090001-A180
957,Docu Centre-IV2060/3060/3065,H-A14B-R011001-A170
958,D300T24KK,H-A14B-R00060029-A180
959,니그린 퍼포먼스 가죽 관리제,H-A05B-T00020002-A180
960,Algaefix,H-B04B-S00010001-A180
961,메르시.지.와이(Merci.G.Y) 일랑일랑 50,FB20-12-0894
962,과탄산소다발포정,FB19-04-0002
963,디올 로즈 캔들,FB19-26-0694
964,포우장 깔끄미 스프레이,FB19-13-0466
965,델라썸 티라이트 소이캔들(가든),DB20-26-0684
966,디펜스-씨 레인 클리너(Defense-C Lane Cleaner),DB20-02-0095
967,후버 멀티 서피스 에이에이치30250케이(Hoover multi surface AH-30250K),DB20-01-0812
968,마리디퓨저,DB20-12-1508
969,보리수마을 연꽃초,CB20-26-1065
970,노파이어 워셔(no fire washer),DA20-16-0010
971,IRON REMOVER AND WHEEL CLEANER,H-A01B-A001001-A170
972,차량용방향제 리필 - 블랙체리,H-A09B-H001005-A170
973,50F3X0E,H-A14B-R005001-A170
974,IPQ-4,H-A14B-R003003-A170
975,C13T673100,H-A14B-R002001-A170
976,액체형 세정제 케노칼,H-A01B-H00090001-A180
977,Docu Centre-IV2060/3060/3065,H-A14B-R011001-A170
978,D300T24KK,H-A14B-R00060029-A180
979,니그린 퍼포먼스 가죽 관리제,H-A05B-T00020002-A180
980,Algaefix,H-B04B-S00010001-A180
981,메르시.지.와이(Merci.G.Y) 일랑일랑 50,FB20-12-0894
982,과탄산소다발포정,FB19-04-0002
983,디올 로즈 캔들,FB19-26-0694
984,포우장 깔끄미 스프레이,FB19-13-0466
985,델라썸 티라이트 소이캔들(가든),DB20-26-0684
986,디펜스-씨 레인 클리너(Defense-C Lane Cleaner),DB20-02-0095
987,후버 멀티 서피스 에이에이치30250케이(Hoover multi surface AH-30250K),DB20-01-0812
988,마리디퓨저,DB20-12-1508
989,보리수마을 연꽃초,CB20-26-1065
990,노파이어 워셔(no fire washer),DA20-16-0010
991,IRON REMOVER AND WHEEL CLEANER,H-A01B-A001001-A170
992,차량용방향제 리필 - 블랙체리,H-A09B-H001005-A170
993,50F3X0E,H-A14B-R005001-A170
994,IPQ-4,H-A14B-R003003-A170
995,C13T673100,H-A14B-R002001-A170
996,액체형 세정제 케노칼,H-A01B-H00090001-A180
997,Docu Centre-IV2060/3060/3065,H-A14B-R011001-A170
998,D300T24KK,H-A14B-R00060029-A180
999,니그린 퍼포먼스 가죽 관리제,H-A05B-T00020002-A180
1000,Algaefix,H-B04B-S00010001-A180
